Tumor_Sample_Barcode,count
TCGA-AN-A046-01,5707
TCGA-AC-A23H-01,4719
TCGA-A8-A0A6-01,3176
TCGA-A2-A0T5-01,1574
TCGA-BH-A18G-01,1517
TCGA-A8-A09Z-01,1438
TCGA-AN-A0AK-01,1317
TCGA-AC-A5XS-01,1083
TCGA-AO-A128-01,1000
TCGA-D8-A27G-01,988
TCGA-D8-A1XK-01,968
TCGA-D8-A1JA-01,943
TCGA-BH-A0HF-01,929
TCGA-BH-A0B6-01,830
TCGA-AO-A03M-01,786
TCGA-D8-A1XQ-01,746
TCGA-D8-A1J8-01,740
TCGA-C8-A26Y-01,697
TCGA-AO-A12E-01,646
TCGA-BH-A0DZ-01,520
TCGA-A8-A07R-01,486
TCGA-BH-A0HP-01,450
TCGA-PE-A5DE-01,433
TCGA-BH-A2L8-01,416
TCGA-EW-A1J5-01,413
TCGA-GM-A2D9-01,396
TCGA-A7-A26E-01,379
TCGA-E2-A10C-01,357
TCGA-A2-A0T0-01,335
TCGA-EW-A1IZ-01,327
TCGA-AR-A2LE-01,315
TCGA-BH-A18P-01,315
TCGA-BH-A0HA-01,304
TCGA-C8-A1HM-01,300
TCGA-A7-A13E-01,297
TCGA-AR-A0TX-01,289
TCGA-A7-A56D-01,288
TCGA-AC-A3W6-01,273
TCGA-A8-A09G-01,244
TCGA-AC-A3TN-01,233
TCGA-D8-A27V-01,229
TCGA-BH-A0BZ-01,224
TCGA-AN-A0XW-01,224
TCGA-A7-A13D-01,220
TCGA-A8-A06Q-01,218
TCGA-D8-A1Y1-01,217
TCGA-A7-A5ZV-01,216
TCGA-A7-A26J-01,215
TCGA-A2-A0EY-01,212
TCGA-A7-A4SE-01,210
TCGA-A7-A0CE-01,208
TCGA-BH-A0HK-01,207
TCGA-A2-A0CX-01,204
TCGA-A8-A08L-01,203
TCGA-A2-A3Y0-01,200
TCGA-A2-A0YK-01,197
TCGA-A1-A0SI-01,195
TCGA-E2-A1IN-01,194
TCGA-A8-A06X-01,193
TCGA-E2-A15I-01,193
TCGA-C8-A274-01,193
TCGA-AR-A256-01,187
TCGA-BH-A18V-01,184
TCGA-D8-A1JK-01,181
TCGA-AN-A0FL-01,181
TCGA-C8-A3M7-01,180
TCGA-A8-A094-01,179
TCGA-BH-A0W7-01,177
TCGA-OL-A5RW-01,174
TCGA-D8-A1JN-01,174
TCGA-A8-A08R-01,174
TCGA-A1-A0SK-01,173
TCGA-D8-A1J9-01,171
TCGA-A7-A4SA-01,169
TCGA-E2-A2P6-01,166
TCGA-GI-A2C9-01,162
TCGA-AC-A5EH-01,160
TCGA-AC-A3W5-01,160
TCGA-BH-A5IZ-01,156
TCGA-C8-A12P-01,156
TCGA-AC-A3OD-01,155
TCGA-AR-A251-01,155
TCGA-C8-A12T-01,155
TCGA-EW-A1PC-01,154
TCGA-E2-A1LH-01,153
TCGA-B6-A0IK-01,151
TCGA-EW-A3U0-01,149
TCGA-E9-A1NC-01,149
TCGA-E2-A159-01,148
TCGA-AN-A0FX-01,148
TCGA-BH-A0AW-01,147
TCGA-AR-A24Q-01,145
TCGA-BH-A0BW-01,143
TCGA-AC-A3BB-01,143
TCGA-BH-A0DK-01,142
TCGA-BH-A0C0-01,142
TCGA-AO-A124-01,140
TCGA-A8-A07C-01,139
TCGA-C8-A27B-01,139
TCGA-BH-A1F8-01,137
TCGA-B6-A0IJ-01,137
TCGA-E9-A1NI-01,137
TCGA-BH-A0BP-01,136
TCGA-A7-A0DB-01,135
TCGA-BH-A0BC-01,135
TCGA-B6-A400-01,134
TCGA-A8-A09I-01,134
TCGA-A7-A0DA-01,133
TCGA-A2-A0SY-01,131
TCGA-A7-A3IZ-01,130
TCGA-E2-A1LG-01,130
TCGA-E9-A1RF-01,130
TCGA-PE-A5DC-01,130
TCGA-A2-A4RW-01,128
TCGA-AR-A24H-01,128
TCGA-GM-A3NY-01,127
TCGA-A8-A095-01,125
TCGA-A2-A0T6-01,125
TCGA-E2-A15M-01,124
TCGA-C8-A275-01,123
TCGA-A8-A097-01,122
TCGA-E2-A152-01,121
TCGA-E2-A574-01,121
TCGA-AN-A0XN-01,121
TCGA-A2-A0CR-01,121
TCGA-GM-A2DH-01,120
TCGA-D8-A147-01,120
TCGA-OL-A5RZ-01,119
TCGA-AN-A0AR-01,118
TCGA-AR-A0TY-01,117
TCGA-D8-A27H-01,117
TCGA-A8-A08F-01,117
TCGA-C8-A1HJ-01,117
TCGA-A2-A04P-01,113
TCGA-D8-A1JG-01,113
TCGA-AN-A0AT-01,112
TCGA-E2-A14R-01,112
TCGA-BH-A1FN-01,111
TCGA-GI-A2C8-01,110
TCGA-A7-A4SD-01,110
TCGA-D8-A1JP-01,109
TCGA-BH-A18V-06,109
TCGA-A2-A04W-01,109
TCGA-B6-A0I8-01,108
TCGA-C8-A12K-01,108
TCGA-AC-A3TM-01,107
TCGA-D8-A1JL-01,107
TCGA-BH-A0AY-01,106
TCGA-AO-A0J6-01,106
TCGA-AO-A0JD-01,106
TCGA-B6-A0I6-01,106
TCGA-A8-A09A-01,106
TCGA-E2-A2P5-01,105
TCGA-AN-A0FW-01,104
TCGA-B6-A0RE-01,104
TCGA-AO-A03N-01,103
TCGA-A2-A3XT-01,103
TCGA-AC-A2B8-01,103
TCGA-A2-A25A-01,103
TCGA-A8-A093-01,102
TCGA-A7-A26H-01,102
TCGA-E9-A22G-01,102
TCGA-C8-A12Q-01,102
TCGA-A7-A26F-01,101
TCGA-BH-A0BL-01,101
TCGA-EW-A3E8-01,101
TCGA-A8-A07L-01,100
TCGA-AC-A2BK-01,100
TCGA-GM-A2DB-01,100
TCGA-JL-A3YW-01,99
TCGA-AN-A0XU-01,99
TCGA-AC-A2QJ-01,99
TCGA-E9-A5FL-01,99
TCGA-AC-A23C-01,99
TCGA-AN-A04D-01,98
TCGA-E9-A1R4-01,98
TCGA-A8-A09Q-01,98
TCGA-AO-A0J9-01,98
TCGA-AN-A0FT-01,98
TCGA-LQ-A4E4-01,97
TCGA-LL-A5YP-01,96
TCGA-BH-A18U-01,96
TCGA-GM-A3XL-01,96
TCGA-C8-A134-01,96
TCGA-D8-A1XL-01,96
TCGA-GM-A3NW-01,95
TCGA-A8-A09M-01,95
TCGA-E2-A158-01,95
TCGA-A1-A0SH-01,94
TCGA-AR-A1AH-01,94
TCGA-D8-A140-01,93
TCGA-A2-A04T-01,93
TCGA-D8-A1XW-01,93
TCGA-AO-A03T-01,93
TCGA-E9-A1NA-01,93
TCGA-GM-A2DO-01,93
TCGA-AC-A2QI-01,92
TCGA-EW-A1OV-01,92
TCGA-E2-A15K-06,92
TCGA-A8-A0A7-01,91
TCGA-BH-A0WA-01,91
TCGA-AO-A0J4-01,91
TCGA-AC-A3W7-01,90
TCGA-A2-A4S3-01,90
TCGA-A7-A4SF-01,89
TCGA-D8-A1X9-01,89
TCGA-A2-A25B-01,88
TCGA-A7-A3J0-01,88
TCGA-E9-A244-01,88
TCGA-AC-A2QH-01,88
TCGA-AN-A0FJ-01,87
TCGA-A8-A092-01,87
TCGA-E9-A22E-01,87
TCGA-AN-A0FV-01,87
TCGA-AO-A129-01,87
TCGA-AO-A0JB-01,87
TCGA-E2-A1LA-01,86
TCGA-E2-A14W-01,85
TCGA-A8-A081-01,85
TCGA-A2-A0CP-01,85
TCGA-BH-A1EV-01,84
TCGA-A2-A0EQ-01,84
TCGA-EW-A1IW-01,83
TCGA-D8-A1JC-01,83
TCGA-BH-A0H7-01,83
TCGA-E2-A109-01,83
TCGA-BH-A0EE-01,82
TCGA-E2-A1LE-01,82
TCGA-D8-A1JD-01,82
TCGA-AQ-A54N-01,82
TCGA-BH-A0DL-01,82
TCGA-E2-A14P-01,82
TCGA-A2-A04R-01,82
TCGA-A8-A09N-01,81
TCGA-A7-A4SC-01,81
TCGA-A8-A07W-01,81
TCGA-A8-A09W-01,81
TCGA-E9-A1RH-01,81
TCGA-D8-A1XJ-01,80
TCGA-A2-A0D2-01,80
TCGA-AN-A0AL-01,80
TCGA-A2-A4S1-01,80
TCGA-LL-A441-01,80
TCGA-AN-A0AJ-01,80
TCGA-AO-A0J3-01,79
TCGA-BH-A18Q-01,79
TCGA-A2-A0CT-01,79
TCGA-AN-A04C-01,79
TCGA-LL-A5YL-01,79
TCGA-AR-A0TU-01,79
TCGA-BH-A0B8-01,78
TCGA-E2-A1LS-01,77
TCGA-E9-A2JS-01,77
TCGA-E9-A3HO-01,76
TCGA-A8-A07E-01,76
TCGA-E2-A14V-01,75
TCGA-C8-A26V-01,75
TCGA-A2-A0D1-01,75
TCGA-BH-A209-01,75
TCGA-B6-A0I9-01,75
TCGA-BH-A0H9-01,75
TCGA-A8-A075-01,74
TCGA-AC-A5XU-01,74
TCGA-E9-A3Q9-01,74
TCGA-BH-A1FC-01,74
TCGA-D8-A1JJ-01,74
TCGA-EW-A1PD-01,74
TCGA-AC-A62Y-01,73
TCGA-A7-A3RF-01,73
TCGA-BH-A0DP-01,73
TCGA-BH-A18T-01,73
TCGA-E2-A15K-01,73
TCGA-B6-A0IO-01,72
TCGA-AO-A0J2-01,72
TCGA-EW-A423-01,72
TCGA-C8-A12L-01,72
TCGA-HN-A2NL-01,72
TCGA-BH-A0B3-01,71
TCGA-A2-A0YM-01,71
TCGA-E9-A3QA-01,71
TCGA-AO-A1KR-01,70
TCGA-D8-A13Y-01,70
TCGA-A8-A085-01,70
TCGA-A2-A1FW-01,70
TCGA-B6-A0RO-01,69
TCGA-AR-A0U1-01,69
TCGA-AR-A250-01,69
TCGA-A8-A07B-01,69
TCGA-E9-A295-01,69
TCGA-AQ-A04H-01,69
TCGA-B6-A402-01,68
TCGA-E2-A1L7-01,68
TCGA-E2-A1BC-01,68
TCGA-E9-A1ND-01,68
TCGA-AN-A0FS-01,68
TCGA-D8-A1Y0-01,68
TCGA-AC-A62X-01,68
TCGA-BH-A0AV-01,68
TCGA-BH-A1F6-01,68
TCGA-BH-A5J0-01,67
TCGA-BH-A0BM-01,67
TCGA-A8-A084-01,67
TCGA-BH-A0B4-01,66
TCGA-D8-A142-01,66
TCGA-PE-A5DD-01,66
TCGA-A2-A0D0-01,66
TCGA-A8-A06O-01,66
TCGA-EW-A1OY-01,66
TCGA-AC-A3EH-01,66
TCGA-BH-A0BR-01,65
TCGA-B6-A40B-01,65
TCGA-B6-A0I1-01,65
TCGA-OL-A5DA-01,65
TCGA-BH-A0B5-01,64
TCGA-A7-A13F-01,64
TCGA-BH-A0E1-01,64
TCGA-E2-A14Y-01,64
TCGA-A2-A0YD-01,64
TCGA-AO-A03O-01,64
TCGA-D8-A13Z-01,64
TCGA-AR-A1AK-01,64
TCGA-BH-A0BV-01,64
TCGA-B6-A0X1-01,64
TCGA-OL-A66J-01,63
TCGA-E9-A243-01,63
TCGA-E2-A1IH-01,63
TCGA-AO-A0JL-01,63
TCGA-BH-A18J-01,63
TCGA-E2-A14Z-01,63
TCGA-B6-A0RG-01,63
TCGA-BH-A0DH-01,63
TCGA-AR-A1AI-01,63
TCGA-AR-A2LR-01,63
TCGA-A2-A0EV-01,62
TCGA-AC-A2FM-01,62
TCGA-D8-A1XZ-01,62
TCGA-AO-A0J5-01,62
TCGA-BH-A0DX-01,61
TCGA-AR-A5QQ-01,61
TCGA-A2-A0CW-01,61
TCGA-A8-A06Z-01,61
TCGA-D8-A27M-01,61
TCGA-E2-A573-01,61
TCGA-C8-A3M8-01,60
TCGA-EW-A1P4-01,60
TCGA-A2-A3XY-01,60
TCGA-B6-A0IQ-01,60
TCGA-A2-A0YH-01,60
TCGA-AN-A0FY-01,60
TCGA-B6-A0IB-01,60
TCGA-E2-A105-01,60
TCGA-A8-A06U-01,60
TCGA-A7-A5ZX-01,60
TCGA-BH-A0B1-01,60
TCGA-E2-A15G-01,59
TCGA-AR-A255-01,59
TCGA-C8-A12M-01,59
TCGA-D8-A1XM-01,59
TCGA-BH-A0AZ-01,59
TCGA-BH-A0E0-01,59
TCGA-A8-A09X-01,59
TCGA-A8-A06R-01,59
TCGA-BH-A203-01,59
TCGA-OL-A5D7-01,59
TCGA-AQ-A04J-01,58
TCGA-BH-A208-01,58
TCGA-BH-A0BA-01,58
TCGA-BH-A0HX-01,58
TCGA-AR-A0U2-01,57
TCGA-A8-A08H-01,57
TCGA-B6-A3ZX-01,57
TCGA-A7-A26G-01,57
TCGA-A2-A0YE-01,57
TCGA-C8-A131-01,57
TCGA-E2-A14N-01,57
TCGA-A2-A3XV-01,57
TCGA-B6-A1KN-01,57
TCGA-A2-A25E-01,57
TCGA-A8-A076-01,56
TCGA-EW-A2FR-01,56
TCGA-A2-A25D-01,56
TCGA-A2-A04U-01,56
TCGA-BH-A0E6-01,56
TCGA-D8-A1Y3-01,55
TCGA-E2-A155-01,55
TCGA-A2-A0YJ-01,55
TCGA-E9-A22B-01,55
TCGA-E9-A1R2-01,55
TCGA-BH-A0DE-01,55
TCGA-BH-A0HY-01,55
TCGA-E9-A1R7-01,55
TCGA-E2-A56Z-01,55
TCGA-BH-A18F-01,54
TCGA-A2-A0CM-01,54
TCGA-B6-A1KF-01,54
TCGA-AR-A1AR-01,54
TCGA-EW-A1OZ-01,54
TCGA-E2-A1AZ-01,54
TCGA-B6-A408-01,54
TCGA-A2-A0YG-01,54
TCGA-A8-A079-01,54
TCGA-A2-A0SW-01,54
TCGA-AC-A2FG-01,54
TCGA-AO-A03V-01,54
TCGA-A8-A08S-01,53
TCGA-BH-A0BJ-01,53
TCGA-A2-A3XZ-01,53
TCGA-A8-A07P-01,53
TCGA-E2-A108-01,53
TCGA-E9-A1N9-01,53
TCGA-A2-A0YT-01,53
TCGA-BH-A0DQ-01,53
TCGA-A7-A0CJ-01,52
TCGA-E9-A54Y-01,52
TCGA-C8-A26W-01,51
TCGA-AN-A0AM-01,51
TCGA-AR-A1AY-01,51
TCGA-A8-A07G-01,51
TCGA-BH-A0B0-01,51
TCGA-B6-A0I2-01,51
TCGA-E9-A1RE-01,51
TCGA-C8-A138-01,51
TCGA-AQ-A04L-01,51
TCGA-BH-A1F2-01,51
TCGA-A8-A08T-01,51
TCGA-B6-A0IA-01,50
TCGA-C8-A132-01,50
TCGA-C8-A135-01,50
TCGA-A2-A04Y-01,50
TCGA-D8-A1X5-01,50
TCGA-C8-A1HK-01,50
TCGA-A8-A0A9-01,50
TCGA-BH-A1ES-06,50
TCGA-AR-A0U0-01,50
TCGA-A7-A0D9-01,50
TCGA-A1-A0SN-01,50
TCGA-A7-A0CH-01,50
TCGA-BH-A0E7-01,50
TCGA-AO-A03P-01,49
TCGA-A7-A425-01,49
TCGA-C8-A1HN-01,49
TCGA-A7-A2KD-01,49
TCGA-B6-A0IC-01,49
TCGA-A8-A09D-01,49
TCGA-GM-A2DD-01,49
TCGA-E9-A1RC-01,48
TCGA-C8-A26X-01,48
TCGA-BH-A1EY-01,48
TCGA-E2-A150-01,48
TCGA-C8-A12Z-01,48
TCGA-D8-A1XT-01,48
TCGA-D8-A27N-01,48
TCGA-AR-A24L-01,47
TCGA-A8-A09E-01,47
TCGA-A2-A0T2-01,47
TCGA-C8-A137-01,47
TCGA-BH-A1EN-01,47
TCGA-C8-A12W-01,47
TCGA-BH-A0GY-01,47
TCGA-A8-A07J-01,46
TCGA-B6-A0RV-01,46
TCGA-E2-A15P-01,46
TCGA-EW-A1P8-01,46
TCGA-AN-A0FZ-01,46
TCGA-A1-A0SP-01,46
TCGA-E2-A1LK-01,46
TCGA-D8-A1JF-01,45
TCGA-AR-A5QN-01,45
TCGA-EW-A1J6-01,45
TCGA-AR-A1AQ-01,45
TCGA-BH-A0BG-01,45
TCGA-E9-A1NF-01,45
TCGA-C8-A12X-01,45
TCGA-B6-A0IG-01,45
TCGA-A2-A4S2-01,45
TCGA-E2-A15S-01,45
TCGA-AN-A0FK-01,45
TCGA-A2-A0CU-01,45
TCGA-C8-A1HG-01,45
TCGA-D8-A143-01,44
TCGA-AO-A03R-01,44
TCGA-AR-A24S-01,44
TCGA-A8-A06P-01,44
TCGA-E2-A153-01,44
TCGA-E9-A228-01,44
TCGA-E2-A15T-01,44
TCGA-BH-A0BO-01,44
TCGA-B6-A2IU-01,44
TCGA-AN-A03X-01,44
TCGA-OL-A5S0-01,43
TCGA-A2-A1FV-01,43
TCGA-EW-A1PH-01,43
TCGA-D8-A1XY-01,43
TCGA-B6-A0RU-01,43
TCGA-A2-A3XX-01,43
TCGA-OL-A5D6-01,43
TCGA-GM-A2DL-01,43
TCGA-AO-A1KS-01,43
TCGA-A7-A4SB-01,43
TCGA-LL-A50Y-01,43
TCGA-E2-A15R-01,43
TCGA-BH-A18K-01,43
TCGA-AR-A1AS-01,42
TCGA-AN-A0FD-01,42
TCGA-AO-A125-01,42
TCGA-C8-A26Z-01,42
TCGA-AN-A0AS-01,42
TCGA-D8-A1JM-01,42
TCGA-E2-A154-01,42
TCGA-E2-A1IG-01,42
TCGA-B6-A0IN-01,42
TCGA-A2-A04N-01,42
TCGA-AO-A1KT-01,42
TCGA-A8-A09B-01,41
TCGA-A8-A07I-01,41
TCGA-A2-A3KC-01,41
TCGA-B6-A40C-01,41
TCGA-A8-A08I-01,41
TCGA-D8-A1X6-01,41
TCGA-AR-A0TS-01,41
TCGA-B6-A0RH-01,41
TCGA-A8-A07O-01,41
TCGA-AN-A0G0-01,41
TCGA-JL-A3YX-01,41
TCGA-OL-A66I-01,41
TCGA-BH-A18L-01,41
TCGA-D8-A1XF-01,40
TCGA-A2-A0EU-01,40
TCGA-E9-A54X-01,40
TCGA-BH-A204-01,40
TCGA-AR-A1AV-01,40
TCGA-A1-A0SF-01,40
TCGA-E2-A1LB-01,40
TCGA-BH-A0HW-01,40
TCGA-E2-A15A-01,40
TCGA-AO-A0JE-01,40
TCGA-AR-A24Z-01,40
TCGA-C8-A1HE-01,40
TCGA-E9-A5UO-01,40
TCGA-E9-A1RG-01,39
TCGA-B6-A0IM-01,39
TCGA-A2-A0CQ-01,39
TCGA-B6-A409-01,39
TCGA-E2-A10B-01,39
TCGA-B6-A0RN-01,39
TCGA-BH-A0B9-01,39
TCGA-B6-A0WZ-01,39
TCGA-LL-A5YO-01,39
TCGA-E9-A5UP-01,39
TCGA-C8-A130-01,39
TCGA-A8-A08P-01,38
TCGA-C8-A12U-01,38
TCGA-BH-A0C7-01,38
TCGA-BH-A0EB-01,38
TCGA-E2-A15L-01,38
TCGA-A8-A07U-01,38
TCGA-BH-A42V-01,38
TCGA-AR-A2LK-01,38
TCGA-AR-A2LN-01,38
TCGA-B6-A0WW-01,38
TCGA-BH-A0HL-01,38
TCGA-BH-A42T-01,38
TCGA-A2-A0T3-01,38
TCGA-BH-A0HU-01,37
TCGA-E2-A14S-01,37
TCGA-A2-A1G4-01,37
TCGA-AR-A0U3-01,37
TCGA-D8-A1JI-01,37
TCGA-C8-A1HI-01,37
TCGA-BH-A1FM-01,37
TCGA-A2-A0CO-01,37
TCGA-BH-A0E2-01,37
TCGA-A8-A09K-01,37
TCGA-A2-A0EN-01,37
TCGA-BH-A0BQ-01,37
TCGA-D8-A27L-01,37
TCGA-A8-A0A1-01,37
TCGA-AC-A2FE-01,36
TCGA-A8-A08G-01,36
TCGA-AO-A12G-01,36
TCGA-E2-A15E-06,36
TCGA-AN-A049-01,36
TCGA-E2-A14O-01,36
TCGA-A2-A0SV-01,36
TCGA-A8-A090-01,36
TCGA-A7-A26I-01,36
TCGA-EW-A1PA-01,36
TCGA-BH-A0BT-01,36
TCGA-AO-A12D-01,36
TCGA-E2-A1B4-01,36
TCGA-B6-A0X5-01,36
TCGA-E2-A15O-01,36
TCGA-AC-A5EI-01,36
TCGA-AR-A5QM-01,35
TCGA-EW-A1PE-01,35
TCGA-AO-A0JM-01,35
TCGA-A7-A0CD-01,35
TCGA-A8-A0A2-01,35
TCGA-A8-A0A4-01,35
TCGA-AN-A0XR-01,35
TCGA-AC-A3YJ-01,35
TCGA-AO-A1KO-01,35
TCGA-A2-A4RY-01,35
TCGA-A7-A0CG-01,35
TCGA-AC-A3QP-01,35
TCGA-AR-A1AP-01,35
TCGA-OL-A5D8-01,35
TCGA-A2-A0T4-01,34
TCGA-GM-A2DF-01,34
TCGA-AR-A24N-01,34
TCGA-A8-A06N-01,34
TCGA-E2-A570-01,34
TCGA-E9-A1NE-01,34
TCGA-BH-A0HB-01,34
TCGA-D8-A27I-01,34
TCGA-E9-A247-01,34
TCGA-A1-A0SG-01,34
TCGA-D8-A1JE-01,34
TCGA-D8-A3Z6-01,34
TCGA-A8-A08B-01,34
TCGA-A2-A0CS-01,34
TCGA-A2-A04V-01,34
TCGA-E9-A1R5-01,34
TCGA-A2-A3XS-01,34
TCGA-GM-A2DA-01,34
TCGA-A8-A06Y-01,34
TCGA-AN-A0FN-01,33
TCGA-BH-A0C1-01,33
TCGA-A2-A0EO-01,33
TCGA-E2-A14T-01,33
TCGA-BH-A1EO-01,33
TCGA-A8-A08Z-01,33
TCGA-A2-A0T1-01,33
TCGA-D8-A1JT-01,33
TCGA-BH-A0HQ-01,33
TCGA-AQ-A54O-01,33
TCGA-GM-A5PX-01,33
TCGA-C8-A1HF-01,33
TCGA-AO-A12F-01,33
TCGA-OL-A66K-01,33
TCGA-E9-A22A-01,33
TCGA-A7-A3J1-01,33
TCGA-BH-A0BF-01,32
TCGA-C8-A12O-01,32
TCGA-BH-A0DI-01,32
TCGA-A2-A1FZ-01,32
TCGA-E2-A1L8-01,32
TCGA-B6-A0IE-01,32
TCGA-E9-A226-01,32
TCGA-A8-A08A-01,32
TCGA-BH-A1F5-01,32
TCGA-OK-A5Q2-01,32
TCGA-A1-A0SM-01,32
TCGA-A2-A1G1-01,32
TCGA-AO-A0JA-01,32
TCGA-C8-A12Y-01,32
TCGA-A1-A0SJ-01,32
TCGA-A8-A0AD-01,32
TCGA-BH-A0W4-01,32
TCGA-E2-A15H-01,32
TCGA-D8-A146-01,32
TCGA-AR-A254-01,32
TCGA-E2-A107-01,31
TCGA-E2-A15A-06,31
TCGA-AR-A24X-01,31
TCGA-A8-A083-01,31
TCGA-A8-A07F-01,31
TCGA-BH-A18N-01,31
TCGA-A7-A5ZW-01,31
TCGA-E9-A1RB-01,31
TCGA-A2-A3XU-01,31
TCGA-AN-A04A-01,31
TCGA-A8-A08J-01,31
TCGA-E9-A1N5-01,31
TCGA-D8-A1XB-01,31
TCGA-D8-A1XC-01,31
TCGA-A2-A0D4-01,31
TCGA-LL-A5YM-01,30
TCGA-B6-A0WX-01,30
TCGA-A2-A0YF-01,30
TCGA-A2-A0EX-01,30
TCGA-AO-A0JF-01,30
TCGA-D8-A1X8-01,30
TCGA-A2-A04X-01,30
TCGA-AR-A1AM-01,30
TCGA-GM-A4E0-01,30
TCGA-AR-A1AT-01,30
TCGA-OL-A5RU-01,30
TCGA-A8-A096-01,30
TCGA-AC-A23G-01,30
TCGA-AR-A2LL-01,30
TCGA-EW-A1J2-01,30
TCGA-AQ-A1H3-01,30
TCGA-OL-A5RX-01,30
TCGA-A8-A09C-01,30
TCGA-D8-A3Z5-01,30
TCGA-AN-A0XL-01,30
TCGA-E9-A1N8-01,29
TCGA-A8-A091-01,29
TCGA-AN-A0XO-01,29
TCGA-EW-A2FS-01,29
TCGA-AR-A24K-01,29
TCGA-E2-A1BD-01,29
TCGA-E2-A15C-01,29
TCGA-AR-A24V-01,29
TCGA-EW-A1J3-01,29
TCGA-D8-A1XV-01,29
TCGA-A2-A0ER-01,29
TCGA-C8-A1HL-01,29
TCGA-AN-A03Y-01,29
TCGA-AN-A0XV-01,29
TCGA-E9-A1N4-01,29
TCGA-B6-A0WV-01,29
TCGA-AN-A0FF-01,29
TCGA-BH-A18H-01,29
TCGA-BH-A1FJ-01,28
TCGA-AR-A5QP-01,28
TCGA-D8-A1XR-01,28
TCGA-E2-A1II-01,28
TCGA-A8-A0AB-01,28
TCGA-D8-A1XU-01,28
TCGA-C8-A278-01,28
TCGA-LL-A5YN-01,28
TCGA-E2-A15E-01,28
TCGA-BH-A202-01,28
TCGA-BH-A1FD-01,28
TCGA-AO-A0J8-01,28
TCGA-BH-A0GZ-01,28
TCGA-EW-A1P0-01,28
TCGA-AQ-A1H2-01,28
TCGA-A8-A06T-01,28
TCGA-E9-A1N3-01,28
TCGA-A2-A0EM-01,28
TCGA-E2-A15D-01,28
TCGA-E2-A10F-01,28
TCGA-A7-A13G-01,27
TCGA-GM-A2DI-01,27
TCGA-A1-A0SD-01,27
TCGA-A1-A0SE-01,27
TCGA-GM-A3XN-01,27
TCGA-A7-A13H-01,27
TCGA-D8-A1XG-01,27
TCGA-AN-A0XS-01,27
TCGA-B6-A1KC-01,27
TCGA-D8-A27R-01,27
TCGA-A2-A0D3-01,27
TCGA-D8-A1JB-01,27
TCGA-AN-A0XP-01,27
TCGA-A8-A09T-01,27
TCGA-BH-A1FU-01,27
TCGA-D8-A145-01,27
TCGA-D8-A1XA-01,27
TCGA-B6-A401-01,27
TCGA-BH-A0HN-01,27
TCGA-A2-A0SX-01,27
TCGA-E9-A1NH-01,27
TCGA-OL-A66H-01,27
TCGA-E2-A1B5-01,27
TCGA-A1-A0SQ-01,27
TCGA-B6-A0IP-01,27
TCGA-BH-A0HI-01,26
TCGA-E2-A3DX-01,26
TCGA-E9-A1R6-01,26
TCGA-A8-A08O-01,26
TCGA-AR-A24R-01,26
TCGA-C8-A1HO-01,26
TCGA-D8-A1X7-01,26
TCGA-A2-A0CK-01,26
TCGA-AC-A2BM-01,26
TCGA-A7-A3IY-01,26
TCGA-EW-A1IY-01,26
TCGA-BH-A18R-01,26
TCGA-GM-A5PV-01,26
TCGA-E2-A14X-01,25
TCGA-BH-A1FL-01,25
TCGA-A2-A4RX-01,25
TCGA-A2-A1G0-01,25
TCGA-C8-A12N-01,25
TCGA-A2-A25C-01,25
TCGA-E9-A1R3-01,25
TCGA-E9-A1R0-01,25
TCGA-EW-A1OX-01,25
TCGA-C8-A27A-01,25
TCGA-BH-A0DG-01,25
TCGA-E2-A10E-01,25
TCGA-A8-A09V-01,25
TCGA-AO-A03L-01,25
TCGA-AR-A1AL-01,25
TCGA-AO-A0J7-01,25
TCGA-A8-A082-01,25
TCGA-A8-A07Z-01,25
TCGA-BH-A18S-01,25
TCGA-E9-A1RD-01,25
TCGA-BH-A28O-01,25
TCGA-BH-A0B7-01,25
TCGA-E2-A1LL-01,25
TCGA-AC-A2FO-01,25
TCGA-AR-A1AJ-01,25
TCGA-BH-A0W5-01,25
TCGA-BH-A18I-01,24
TCGA-A8-A086-01,24
TCGA-BH-A28Q-01,24
TCGA-A2-A0CL-01,24
TCGA-B6-A0I5-01,24
TCGA-GM-A2DK-01,24
TCGA-B6-A0IH-01,24
TCGA-E2-A15J-01,24
TCGA-AR-A24T-01,24
TCGA-AN-A041-01,24
TCGA-E2-A1IU-01,24
TCGA-E2-A14Q-01,24
TCGA-AR-A24M-01,24
TCGA-EW-A1IX-01,23
TCGA-D8-A27K-01,23
TCGA-B6-A0WS-01,23
TCGA-D8-A1Y2-01,23
TCGA-C8-A133-01,23
TCGA-A2-A0SU-01,23
TCGA-A2-A0T7-01,23
TCGA-EW-A1P6-01,23
TCGA-BH-A1ET-01,23
TCGA-BH-A0HO-01,23
TCGA-A2-A0CV-01,23
TCGA-EW-A2FV-01,23
TCGA-E2-A1L9-01,23
TCGA-B6-A0X7-01,22
TCGA-E9-A1RA-01,22
TCGA-AR-A2LH-01,22
TCGA-E2-A15F-01,22
TCGA-D8-A27T-01,22
TCGA-BH-A0DO-01,22
TCGA-AR-A24P-01,22
TCGA-BH-A0DD-01,22
TCGA-B6-A0X0-01,22
TCGA-E9-A229-01,22
TCGA-D8-A1XS-01,22
TCGA-E2-A1IJ-01,22
TCGA-EW-A1J1-01,22
TCGA-A8-A099-01,22
TCGA-AO-A1KP-01,22
TCGA-B6-A0WT-01,21
TCGA-AR-A1AU-01,21
TCGA-D8-A27W-01,21
TCGA-B6-A0RP-01,21
TCGA-EW-A2FW-01,21
TCGA-GM-A2DN-01,21
TCGA-D8-A1JH-01,21
TCGA-E9-A22H-01,21
TCGA-AO-A12H-01,21
TCGA-BH-A1F0-01,21
TCGA-D8-A1JS-01,21
TCGA-E2-A1IL-01,21
TCGA-BH-A0H0-01,21
TCGA-E2-A1IE-01,21
TCGA-AO-A126-01,21
TCGA-E2-A10A-01,21
TCGA-E9-A1RI-01,21
TCGA-AC-A3HN-01,21
TCGA-AR-A24U-01,21
TCGA-BH-A0EA-01,21
TCGA-E9-A1NG-01,20
TCGA-BH-A0EI-01,20
TCGA-E2-A14U-01,20
TCGA-B6-A1KI-01,20
TCGA-AR-A1AW-01,20
TCGA-E2-A1L6-01,20
TCGA-BH-A0W3-01,20
TCGA-EW-A1P5-01,20
TCGA-GM-A2DM-01,20
TCGA-C8-A273-01,20
TCGA-A2-A1FX-01,20
TCGA-GM-A2DC-01,20
TCGA-BH-A0BD-01,20
TCGA-AC-A3YI-01,20
TCGA-E9-A3X8-01,20
TCGA-MS-A51U-01,19
TCGA-A1-A0SB-01,19
TCGA-B6-A0X4-01,19
TCGA-E9-A24A-01,19
TCGA-E9-A22D-01,19
TCGA-A2-A3KD-01,19
TCGA-E9-A5FK-01,19
TCGA-BH-A1FG-01,19
TCGA-AC-A2FB-01,19
TCGA-A2-A0CZ-01,19
TCGA-E9-A248-01,19
TCGA-BH-A0RX-01,19
TCGA-E9-A245-01,19
TCGA-BH-A1ES-01,18
TCGA-D8-A1XO-01,18
TCGA-A8-A08X-01,18
TCGA-OL-A5RV-01,18
TCGA-A2-A0YC-01,18
TCGA-BH-A0H6-01,18
TCGA-AC-A23E-01,18
TCGA-BH-A201-01,18
TCGA-E2-A1IK-01,18
TCGA-AR-A1AN-01,18
TCGA-AN-A0XT-01,18
TCGA-AR-A24O-01,18
TCGA-E2-A156-01,17
TCGA-D8-A141-01,17
TCGA-B6-A0RQ-01,17
TCGA-A2-A4S0-01,17
TCGA-BH-A0H3-01,17
TCGA-D8-A4Z1-01,17
TCGA-E2-A1IF-01,17
TCGA-AO-A12B-01,17
TCGA-AC-A2FF-01,16
TCGA-E9-A249-01,16
TCGA-AO-A12A-01,16
TCGA-BH-A1EX-01,16
TCGA-AR-A2LJ-01,16
TCGA-BH-A1EU-01,16
TCGA-A2-A259-01,16
TCGA-E9-A227-01,16
TCGA-AO-A0JI-01,16
TCGA-BH-A42U-01,16
TCGA-BH-A0H5-01,15
TCGA-AO-A0JJ-01,15
TCGA-AR-A1AX-01,15
TCGA-AR-A2LM-01,15
TCGA-C8-A12V-01,15
TCGA-BH-A0C3-01,15
TCGA-A2-A0YI-01,15
TCGA-E2-A1LI-01,15
TCGA-B6-A0WY-01,15
TCGA-EW-A1P3-01,15
TCGA-BH-A0DT-01,14
TCGA-BH-A1FR-01,14
TCGA-E2-A1IO-01,14
TCGA-BH-A0BS-01,14
TCGA-A2-A04Q-01,14
TCGA-E2-A1B1-01,14
TCGA-BH-A1EW-01,14
TCGA-A2-A0EW-01,14
TCGA-BH-A1FE-01,14
TCGA-OL-A5RY-01,13
TCGA-HN-A2OB-01,13
TCGA-D8-A1JU-01,13
TCGA-B6-A0RT-01,13
TCGA-A2-A0YL-01,13
TCGA-BH-A18M-01,13
TCGA-A2-A3XW-01,12
TCGA-BH-A0E9-01,12
TCGA-AR-A2LO-01,12
TCGA-LL-A440-01,12
TCGA-E2-A1B6-01,11
TCGA-AO-A0JC-01,11
TCGA-E9-A1QZ-01,10
TCGA-A2-A0EP-01,9
TCGA-A2-A0ST-01,9
TCGA-AO-A03U-01,9
TCGA-AR-A252-01,9
TCGA-D8-A27E-01,8
TCGA-A2-A25F-01,8
TCGA-GM-A3XG-01,8
TCGA-AR-A2LQ-01,8
TCGA-AR-A1AO-01,8
TCGA-AR-A24W-01,7
TCGA-E9-A2JT-01,7
TCGA-EW-A1PG-01,7
TCGA-A2-A1G6-01,6
TCGA-BH-A0DV-01,5
TCGA-A2-A0ES-01,5
TCGA-BH-A1FH-01,4
TCGA-A7-A426-01,4
TCGA-A8-A09R-01,4
TCGA-A8-A08C-01,3
TCGA-EW-A1P1-01,3
TCGA-A7-A0DC-01,1
TCGA-B6-A0RI-01,1
TCGA-AC-A2FK-01,1
TCGA-D8-A27F-01,1
